{"cameraMode":{"drawMode":0,"name":"Shaded","section":"Shading Mode"},"sceneLighting":true,"audioPlay":false,"sceneViewState":{"showFog":true,"showMaterialUpdate":false,"showSkybox":true,"showFlares":true,"showImageEffects":true,"showParticleSystems":true},"in2DMode":false,"pivot":{"x":-4.003901958465576,"y":5.7388811111450199,"z":2.118834972381592},"rotation":{"x":-0.16392050683498383,"y":-0.8208227157592773,"z":0.46399420499801638,"w":-0.28998205065727236},"size":6.728916645050049,"orthographic":true}