{"cameraMode":{"drawMode":0,"name":"Shaded","section":"Shading Mode"},"sceneLighting":false,"audioPlay":false,"sceneViewState":{"showFog":true,"showMaterialUpdate":false,"showSkybox":false,"showFlares":true,"showImageEffects":true,"showParticleSystems":true},"in2DMode":false,"pivot":{"x":5.044166564941406,"y":-2.217061996459961,"z":-1.9572737216949463},"rotation":{"x":-0.21444852650165559,"y":-0.03866757079958916,"z":0.008496317081153393,"w":-0.9759325981140137},"size":2.8578836917877199,"orthographic":false}